文件名,作者,来源URL
133903860-4.png,suauuauau,https://www.pixiv.net/users/101375523
133609264-2.png,边缘sama！！！,https://www.pixiv.net/users/45528461
125720081-2.png,DH酱酱,https://www.pixiv.net/users/83721814
133139953-3.png,View,https://www.pixiv.net/users/103192405
133139953-2.png,View,https://www.pixiv.net/users/103192405
126711499-2-2.png,酸甜口脊髓,https://www.pixiv.net/users/105596730
123071480-1.png,IS-8,https://www.pixiv.net/users/29423617
125526754-1.png,夜知秋桐子 二号机,https://www.pixiv.net/users/109451282
125526754-2.png,夜知秋桐子 二号机,https://www.pixiv.net/users/109451282
125526754-3.png,夜知秋桐子 二号机,https://www.pixiv.net/users/109451282
133151568-1.png,View,https://www.pixiv.net/users/103192405
133903860-2.png,suauuauau,https://www.pixiv.net/users/101375523
133903860-5.png,suauuauau,https://www.pixiv.net/users/101375523
126049184-1.png,酸甜口脊髓,https://www.pixiv.net/users/105596730
BV1GpMbzzEaa-1.png,高司令,https://space.bilibili.com/3546875066059052/
129089933-1.png,小沉Sinkerrr,https://www.pixiv.net/users/92988631
131012331-1.png,雨星狐狐,https://www.pixiv.net/users/84468666
132281835-1.png,1157,https://www.pixiv.net/users/60295146
133570591.png,FUZE-,https://www.pixiv.net/users/24589267
133802224-1.png,乜狎nix,https://www.pixiv.net/users/117762320
134039842-2.png,suauuauau,https://www.pixiv.net/users/101375523
134039842-3.png,suauuauau,https://www.pixiv.net/users/101375523
134039842-4.png,suauuauau,https://www.pixiv.net/users/101375523
134452402.png,#FFEE11-AI,https://www.pixiv.net/users/23067604
134607973-4.png,酸甜口脊髓,https://www.pixiv.net/users/105596730
134607973-5.png,酸甜口脊髓,https://www.pixiv.net/users/105596730
134888165-1.png,★LDL,https://www.pixiv.net/users/9320645
135352053-2.png,Hsaya,https://www.pixiv.net/users/4525214
135352053-3.png,Hsaya,https://www.pixiv.net/users/4525214
135352053-5.png,Hsaya,https://www.pixiv.net/users/4525214
135352053-6.png,Hsaya,https://www.pixiv.net/users/4525214
135848465-1.png,manuibi,https://www.pixiv.net/users/118649602
135848465-3.png,manuibi,https://www.pixiv.net/users/118649602
135848465-4.png,manuibi,https://www.pixiv.net/users/118649602
135848465-5.png,manuibi,https://www.pixiv.net/users/118649602
135848465-6.png,manuibi,https://www.pixiv.net/users/118649602
135884377-1.png,梨花诗诗诗诗,https://www.pixiv.net/users/84112040
136106506-1.png,Demon_Mansion,https://www.pixiv.net/users/27814971
136187291-1.png,乜狎nix,https://www.pixiv.net/users/117762320
136623128.png,牢耐封王空条Joestar,https://www.pixiv.net/users/81957552
132250445.png,P4,https://www.pixiv.net/users/6179675
134871706-11.png,叽米,https://www.pixiv.net/users/50612557
134871706-12.png,叽米,https://www.pixiv.net/users/50612557
134871706-14.png,叽米,https://www.pixiv.net/users/50612557
134871706-5.png,叽米,https://www.pixiv.net/users/50612557
134871706-6.png,叽米,https://www.pixiv.net/users/50612557
134871706-7.png,叽米,https://www.pixiv.net/users/50612557
134871706-8.png,叽米,https://www.pixiv.net/users/50612557
134871706.png,叽米,https://www.pixiv.net/users/50612557
136146584-1.png,白銀,https://www.pixiv.net/users/12868121
136146584-2.png,白銀,https://www.pixiv.net/users/12868121
136146584-3.png,白銀,https://www.pixiv.net/users/12868121
136146584-4.png,白銀,https://www.pixiv.net/users/12868121
136146584-5.png,白銀,https://www.pixiv.net/users/12868121
136146584-7.png,白銀,https://www.pixiv.net/users/12868121
136146584-8.png,白銀,https://www.pixiv.net/users/12868121
136693289-2.png,AmeStory,https://www.pixiv.net/users/61232526
136693289-3.png,AmeStory,https://www.pixiv.net/users/61232526
136693289-4.png,AmeStory,https://www.pixiv.net/users/61232526
136693289-5.png,AmeStory,https://www.pixiv.net/users/61232526
136693289-6.png,AmeStory,https://www.pixiv.net/users/61232526
136693289.png,AmeStory,https://www.pixiv.net/users/61232526
137111775.png,Mr_K_QWQ,https://www.pixiv.net/users/111131120
137141958-1.png,Jupiter,https://www.pixiv.net/users/119319899
137141958-2.png,Jupiter,https://www.pixiv.net/users/119319899
137141958-3.png,Jupiter,https://www.pixiv.net/users/119319899
137148614.png,Dr.Relax,https://www.pixiv.net/users/104880036
137265310-1.png,小七,https://www.pixiv.net/users/49792698
138166592.png,Nefh2,https://www.pixiv.net/users/40837106
Liusy-ss-1.png,Liusy,https://space.bilibili.com/397548367
Liusy-ss-2.png,Liusy,https://space.bilibili.com/397548367
Liusy-ss-3.png,Liusy,https://space.bilibili.com/397548367
Liusy-ss-4.png,Liusy,https://space.bilibili.com/397548367
Liusy-ss-5.png,Liusy,https://space.bilibili.com/397548367
Liusy-ss-6.png,Liusy,https://space.bilibili.com/397548367
